bf245ee61a5b9a4fb9220e97ada0109ca201ee03d7965f0e94abd0aff5524b82	app.js
c5e07cab58bc4869c342231b09b32b6236ff23e3641ed212f7593b1511c00ec4	assets/VD_HERO.png
0374395586a5908c73a5d36c42687184f9c3207184c3ea2c9648d90a1c8d9e4b	assets/alaya/ALAYA_CLAUDE_IMPLEMENTATION.md
71c57e2a6704584c0923fc73eb64f502cb860804c8d7b8d28e0c80bb09e5fd5f	assets/alaya/Alaya_Brand_Deck_Source.pdf
5cea314823c4e79c4d2874e143542dd6e8710f042c2ecb7e9aebaaada24f2ca6	assets/alaya/Alaya_Colour_Palette.png
435b67ab582ffaf28a72b1fc8f399f8cc0b4478870a0cb0a7c1f82da544bca01	assets/alaya/Alaya_Typography_Reference.png
d58ebf0886688ae206a30d1edbfe8d1596bf185b39fffa623f167d6913915f83	assets/alaya/Alaya_Website_Storyboard.png
f3d99bbcaf468b38d35f00cbb46251a45c9fca7a90a668096f17d73236845798	assets/alaya/alaya-dining-setting.jpg
1c60c1f5bb0796b4550ba32498423f23764ff8c84a7cd2f230f82bb4f6da56d8	assets/alaya/alaya-guest-amenities.jpg
f154da555886b588d29a7c09509832ef80bd17fd85814030279cf21ee3ce476f	assets/alaya/alaya-hero-source.jpg
51aa7f0976ef308ad186d044a6d1fbf850f3547d47f9453bc38150e2556837c7	assets/alaya/alaya-hospitality-service.jpg
a5f3345fdb2db875b920197e55c9faed39ceadc02c1892339718b9d0fc71ec3f	assets/alaya/alaya-logo-brown.png
80759dd921d0e895ce38ccb05949be812a2903c414a9fb9ef438971a0be52b9d	assets/alaya/alaya-logo-clean.png
6854f0a16b3db9f93722620fbfbeef542ef6b07cde8543c19439b9daabda4db8	assets/alaya/alaya-logo-full.jpg
13909510665d68d004905275dec34b052b1df9bffbb45e66e4ab0cc76c56719f	assets/alaya/alaya-logo-vector.png
b14ce94a8aac3828b4ec92acefd89d8ed7d65c252dce53f2340017bf3c0ebcaa	assets/alaya/alaya-logo-white.png
5f32a8fcee50ad5a687f7f359c7763ed4edb51d93a733e16f722c555b191b1db	assets/alaya/alaya-uniforms.jpg
9891b61147624e366ebd64fcd4639d0be031d489e9c1ee3233509f071daf452d	assets/alaya/alaya-wayfinding.jpg
df5fa79e4a28e75ab5d1abb40b51dc57ec3e4a33fbec9a2c6e534d681e2255bd	assets/alaya-2.jpg
32913f8a5d3bcec6c4be9df5ed3c866e7308e2c733355bb10595e7b3da9c9ad0	assets/alaya-3.jpg
100a0496480ed0b00f85544163c9b5d9b5f9c9dc99f52e6aaa594f5ebe881c23	assets/alaya-4.jpg
47978c9f63d66ed868a92bd45fb0aa99b0911f66d4935a36de00ec4f7ce72aa0	assets/alaya-5.jpg
065a284363dea73802b7c4822334e3d0a8f556a143479626d50aacd0e2f26ebc	assets/alaya-cover.jpg
dca4dd9e22ba41a01913d255ec4058650a837e598e0131aa25a22a321b402831	assets/alaya-logo-preview.jpg
c9842f54166590dd30a8a113b7d9498f5c10290775ee1b3129ff3536ece23241	assets/applications/centurion.png
8190faa2925cb0615128378fa64c8beede6f934a53984fdc904140ac3e3be4b7	assets/applications/comenwish.png
6ba899c2c7578179dfc3fb0de2388af1c84039162c34189355948aba3d9d8f14	assets/applications/daksha.png
4cdaf4adf4dfd480e45d1c39fc12e9428c9befcfdc3a91ada56fff336f48eb88	assets/applications/grove.png
0f077b5a11d2b240afb223624f5eef5592c37995e6b77ed31157e16dcda02fda	assets/applications/homeey.png
3e8e69fde314a28bfa78b6cb30d87eff769a7e8a4e9f3542004f4093fea223d8	assets/astoria-2.jpg
aa0b9f5557602ae519401b93f3b5ca498d95192f084099ffe6cb56d5d7f12536	assets/astoria-3.jpg
fc5200ca31deeef3737a07e5a27d2f73859d45f7b2dd7e3b65db837c4cfa781e	assets/astoria-4.jpg
d198eee0715047028da008c955801a4ae18afaa63fc733dd9cfe1f90e1ddd97f	assets/astoria-5.jpg
2908ddbd1ce0a72e02ec6fd5190e63b9e02828df6a50e090d44e9131c46abee8	assets/astoria-cover.jpg
df553427c7658326fe58d45c22034ba8bbc8f93b14955550863c29054816f017	assets/astoria-pages/page-01.jpg
95fd80fdf9c01bd93028dbb46a1ed8e668e3b6f0be2b15b557831c9b7cd071d0	assets/astoria-pages/page-02.jpg
18d2e043acccfcf69096115aa1419d56a5470dac6a0829af9d12b43a0257bb01	assets/astoria-pages/page-03.jpg
ba00481b5ac76c73c3d3e4db020b4d6d56fb2ba8ae7435a38b0d4f7e69f58a84	assets/astoria-pages/page-04.jpg
8ccde954fd280d2ab11b5539de4a5225097d926bc620bc1eca713b06b56959ed	assets/astoria-pages/page-05.jpg
02689f07be2a82f72420abc77cb55fc9175a9503e461a63d6f5a5ff1800f4311	assets/astoria-pages/page-06.jpg
4cd30d6a916003f7a9cc7980d4d3eeb25e9a508f0b0420850b233ce7b4bddca9	assets/astoria-pages/page-07.jpg
99d31f6a8eb70f82b394cc701dace8bd1812fc6a711bebbd1bba9ab7c2aad001	assets/astoria-pages/page-08.jpg
0ee55eada01f99ada2417cb4dbfb76c2ef4586cebec44f71573f898686a92a22	assets/astoria-pages/page-09.jpg
9dde1ce8321c6ddc32f9819a6fd0faf94c97599a06f8ee524e50d3c3dfabdadb	assets/astoria-pages/page-10.jpg
19218c1441e2588aaf6c0dea5d30341520ab0185af9251a7fa5079f3183700b6	assets/astoria-pages/page-11.jpg
ea316d49141e47f7e665f5a1f57fb9afd81bf2d393fbbe3295c872f1b7b6d7b5	assets/astoria-pages/page-12.jpg
7c5fdd79d5d35920222f98389511722db247fb1b24776aa11a7e0d5c9505d664	assets/astoria-pages/page-13.jpg
f2d1fd21803c87f1da7c0d40144aff8305e66827a95121f9959f72d60562aae5	assets/astoria-pages/page-14.jpg
72b5f8d63b2db395761fede9b76e16e49a8a924531fa3cae3d367e928fd0458a	assets/astoria-pages/page-15.jpg
d6e115755daaa28c7da2f39a822c584ad2e124326a85c6f5c365d397f1c8e98d	assets/astoria-pages/page-16.jpg
ed15552e41bba1f445557357d938f4de8bd422737734a24f667e3fb2ccc17ee7	assets/astoria-pages/page-17.jpg
17d3a7e8c1e1be698d9b5eae7571197e0c588070c017ab0fb2d3fb2cb1494f09	assets/astoria-pages/page-18.jpg
da40b6cf10aca97442fe18222b394a30b625a8447272f40f031fe41835fa6bae	assets/astoria-pages/page-19.jpg
bbf5225963f28108166c7f39c561e53e69d487cdf23debeffeaa1a48877dc56d	assets/astoria-pages/page-20.jpg
6bc4fac8e688e8e0d36514cf1f3d3e62804efb80f14ada636160db676cdcecdb	assets/astoria-pages/page-21.jpg
88f6768fae6f9c9433f2581a42717f2e27dcfaf7dc1338abf3a44820e1160cd8	assets/astoria-pages/page-22.jpg
33fa5133bfef9b57aefdf486fb3a6cfad44f95bb77f7e8a73685d30ce93c3feb	assets/astoria-pages/page-23.jpg
84e8a7145c7c67cddeb2e6f9f89412c6618282953439ac5fefa4459135c3a50f	assets/astoria-pages/page-24.jpg
36017dfb85d6e4dc29ff9b40a1b823973382d0ab4f14f111bbef9fc061a1fd05	assets/astoria-pages/page-25.jpg
f05cc6f7cbc16d64464a1b5f0cd9ad6582461e6e46ba2561099fdc2ad0d80303	assets/astoria-pages/page-26.jpg
6d3c729e551ecc2c4b7d56d731f452f7d1de3c456cddaac7de1e20b0c55c93ee	assets/astoria-pages/page-27.jpg
d88402aaad5e5c10671d23be9f7c2ed2fa0e14cd7d7c5d1af8b517ac469d2cdb	assets/astoria-pages/page-28.jpg
b7230b5246c9bcc2aa4fc40cf020bbc7fd3b60515132e08217772d4c6f06c70d	assets/cente-2.jpg
d6bc61d5fde92cc454ca3b9eef8ed82ec629d8df6fe971deb253aea7dfd10cee	assets/cente-3.jpg
dd136fbe91e4e15652b2ef16118ce591fc7a64bef723cb9ad9724118c120092c	assets/cente-4.jpg
aceca5f3939530667ae77509fe7b5eb345009a0dcb8db5ee1b88664537335775	assets/cente-5.jpg
45c5dc70483a1e0cb63010172d3c3eff2466f1639bd6e00913001ad65305b40b	assets/cente-cover.jpg
3e2e392ab67c0efe0c248c0375d9529c97cdf010407e75ddd922e98025dc6940	assets/cente-logo-preview.jpg
7a2a8d03915f3ee5621afec23c5882cd2a7e7c96c1a34b4194a50fc3d954ec89	assets/centurion-2.jpg
579ea522d0de779d104d12cdb93a4c8003527c2f4bee6133afae985721f9c6b0	assets/centurion-3.jpg
18084de1ebed857e08df8943ef81c869893c22f9252d1b07d9e04b37de302cb3	assets/centurion-cover.jpg
2d25de9388ed8e0fc61f1395a04dc21044f2f960d0ddd811f60d9d2072f04edb	assets/come-n-wish.png
c3ad5a8cd10a030421252ae9a89a677c0231ae32f84a29bd6a757cd3e5666d9a	assets/daksha.png
7207e5f6aee706b342821410c15e61c82dcd9837b43997254292da8e0f4bd2b0	assets/editorial/astoria-complete.png
e31d92205851595a7ffdf29d00c240a2ec2e18bfd9f61253cdbaa8e4005929e8	assets/editorial/astoria-details.png
b1b8b0fe0dda4f24b18656bad872a382f8574d69f22cb7ff0cce5f4ce3fab08e	assets/editorial/guide/page-01.jpg
d63cd0fdf44b9278c7b39693df75a40c4876913b0c1d51d37194e51ac9e1a74e	assets/editorial/guide/page-02.jpg
0c166e979fdb008af9a7dcbd635ff0934a39e36ed0d433a63a379621fdbe425f	assets/editorial/guide/page-03.jpg
a6dbcb92b713c2575e3233c0a2e771ac7ca1e95208ebaccc34d52a116ca94aeb	assets/editorial/guide/page-04.jpg
8abd50c191295e0995b7b2fb2969dae91a31186def4e872ae157b09f7b4bdb48	assets/editorial/guide/page-05.jpg
7d7127963a4c62700a16064bd8b64fb004d260d6ad08a77583bcb1df032e88d8	assets/editorial/guide/page-06.jpg
6004081b59845bd03ed00a469f7b5202633c0bbfa5d7286bbd20fc19b4290f4b	assets/editorial/guide/page-07.jpg
5de7242959e68fd6d415ea88ab16ad002ec7b4b7fc302babfc8370af883d4366	assets/editorial/guide/page-08.jpg
1fd9eb19529f86c2a6709f3fa1d00cb805597f9cbf83410d82f0a1f546b5c081	assets/editorial/guide/page-09.jpg
f5f08af639f648dc5702372f23ae400f9fb4de7c5ce9a8a24e1b52af6a14a95b	assets/editorial/guide/page-10.jpg
fd79ad2c8fc7d2fa53c6b96087a5963119e34a9aaa191ab31e7be9145971c01a	assets/editorial/guide/page-11.jpg
5285f0360cbeaade02154aa3bf5506be46d705f1722d5a94628c46d9ea355a1c	assets/editorial/guide/page-12.jpg
6c3865e7b6b294c7a6019cb21e8383766f7a4204af72ca1d7235bc8fbf262cdd	assets/editorial/guide/page-13.jpg
a19771c351c9de4a6bcbd9d4f10825855304a9ce0f35079b174c5fc558c40ce5	assets/editorial/guide/page-14.jpg
b80deebded90f2b00b97eaa6a47c3c3b6bed0913ab1414a2c50a8bfd44e53c9e	assets/editorial/guide/page-15.jpg
8ee0e0705e085ea8f6ec02b90098a8c2aee91339bb038e6bfd14a9fdc48629be	assets/editorial/guide/page-16.jpg
fb0c62fa53743b49fc7392f642dd63b557186018c86c7aa6deda1c0089982657	assets/editorial/guide/page-17.jpg
5a1d7a08a6d4a95a1577f6af0cff37331a7efba0fc69f5c785b63ab592e201b5	assets/editorial/guide/page-18.jpg
3a0c290c471aec07af309437f96c903e07a5053e2289c065a38b6416fcf576f0	assets/editorial/guide/page-19.jpg
f822ff40ebe1a60cc6fe5067689939b54335df0be098ab16213949327144932e	assets/editorial/guide/page-20.jpg
ec01f82984b9bd7f415c908a0f9d9c05932d864fba8f8c502aa4738ff6755ad0	assets/editorial/guide/page-21.jpg
e0ca25477550ef24d1b8f46e3782278abb48dcda9e227da7c915d007fec156ef	assets/editorial/guide/page-22.jpg
36c6efdd674e33d112f603eb4ba2dcdb552182e4a28d92dabdf2b5a69e42cbf5	assets/editorial/guide/page-23.jpg
7833d9b23aa92a04784d8451b274230b4bc64b4536fee876a355cc54eb55a813	assets/editorial/guide/page-24.jpg
56d561e013296ee6b22e785be5e624661911ece15cd461dab6960fff16d7224b	assets/editorial/guide/page-25.jpg
d4d090ec1ee67855d0bf39c9e5aa91fb92408ce257cc2714fd66660b10105c91	assets/editorial/guide/page-26.jpg
c55e96aa043ce03944a0f9046ce7d6ac0615edfb76fd355735ec0cf587f22ef4	assets/editorial/guide/page-27.jpg
7397aaf0f21ebb6dd3ac11c6acd7c929aba79485c1a7c064bcb3518f984f3c17	assets/editorial/guide/page-28.jpg
52a0daa9a03f9f57671a1b0d4df4bf6aa36db0bec6091e44ec31861d3e9cb088	assets/editorial/guide-cover-main.png
6943324e88e6111efc64002fd553948eb85766168b257fc9d490b68bb165fe5e	assets/editorial/guide-cover-wide.png
f22ef90b565cd0ae1d815b06b7bb7eabc588493005ffa815432aff782bd04045	assets/editorial/guide-mockups.png
445eb14bc07cef15c207b8f01f82d4b6a20d70360b882c61b9279a4043e85fd6	assets/editorial/winning-complete.png
8e2b16b92d738532c2f2b015fd9f32a0921f223f702ecf42376a63fec79beb32	assets/editorial/winning-showcase.png
aad44efc5737440c497edbd6be1a292e24a8270fb5edcfe5461ff9f9aa66e83c	assets/grove-hotel/grove-1.jpg
21f1ea338aa9c666460ba07dca6143747f543fb3783956f56d7d76919e3d34a9	assets/grove-hotel/grove-2.jpg
8725328c2405cdea20e14fdb2dd385b902892a30549cdf39a11b7879984856ea	assets/grove-hotel/grove-3.jpg
d778f04cdee4e4c689133f7cfc17412abe9abea1b6ed6c8703f002e4686f6bbe	assets/grove-hotel/grove-4.jpg
13162b6dc50d983bde1f89d4846097cd133940db8a91c113c812965921f871ec	assets/grove.png
2bb84fcd3b3e798629c9a9d686fc0632509c48690f54cf07445b8ca40eb24a77	assets/homeey.jpg
30a29c7fad571cd4cd1d82f3a64b623fac9b18fdf4579798396e86669f0df5d7	assets/identities/cente/Cente_Logo_Gold_Exact.png
cfadd16a0b0f853cdfb327ac239ccb314565298e06f7d2457973bdfb72c9f114	assets/identities/cente/Cente_Typography_Reference.png
2a2b254e3c582c1ae13506cef2637e7c6f45278fbd2abf92b4769228788f69cb	assets/identities/cente/cente-dining-setting.jpg
180aab031886d8359b44438e4da5c64a77bf773f172e7bc6a72281eb14be18d5	assets/identities/cente/cente-guest-amenities.jpg
df6769d21c80e7e693f1e778bf3186f3eb179104f11a3496c8a150f85460611e	assets/identities/cente/cente-hero-source.jpg
8ec2cf1b7b6863cf35328ca4de88a1f2c8eb251a984b0698add9b6fecfe47bc4	assets/identities/cente/cente-logo-vector-clean.png
76ea20a0f11c40e091411610caabf8063ad027b38b6502be191d8d8c943dff7b	assets/identities/cente/cente-service-tray.jpg
0830d39bc9f90d19df66ef4be2b0c33bbfce78b692abef03171eeec1ecf1d18c	assets/identities/cente/cente-uniforms.jpg
46337beca6f189250bb53fef2976b58c80c5af26cb1060ef7b1115f14b2f0752	assets/logos-clean/cente-submark.png
538afc76a9f9a8426e887fc8f13d4285e8f3864c2046e197d4515f21f6f5e6bd	assets/logos-clean/centurion.png
4abe204ebb6960d841c2539cb7cf950fc428025fb81612098904464be48fc038	assets/logos-clean/come-n-wish.png
c8603cc07c387ea92040dcf2e78a385fadb18478f2d6048d2142a51197ca361e	assets/logos-clean/daksha.png
0b41e6642d3b468eb668a8f478dc95c35b254c58e8f361f7784e24f5eebc0535	assets/logos-clean/grove.png
11c2c076eecd0d8629131ca8c35aab38bd4f17d20cc7c0177734c0005ab9fb08	assets/logos-clean/homeey-logo.png
27d7c77bbf11fa674d7d8be8e72c96719a21269a0898fff29ee47ae4ebd5b439	assets/logos-clean/homeey-submark.png
1a5e88a7b3d51e21c3bb51b294ea84cde52665ec0a4b23a590f3915d11bc747e	assets/motion/annual-kickoff.jpg
577f93a777eb4b3a3c1eee07fd60ddf516ac223fd3cc988ce779fc8cf75d5a3a	assets/motion/annual-kickoff.mp4
5dd1836d9663242f78990c83d98a4ede2c775880d3b0b50b81f102ccc6765438	assets/motion/ccl-auction.jpg
27c6825f5fbaa8c4bd1ace77f8b92affd1fd769c13ee75cf0e5618529fc0dcf9	assets/motion/ccl-auction.mp4
38aad96627fbc50374ac35280897ccafec6df96f13e027efe74dec5123d6c065	assets/photography/photo-01.jpg
bdfd903e842c700f627e667365bc67009ee9e3f229c3eb79179a755e3f358ff9	assets/photography/photo-02.jpg
e57d249fcb8ac0e2051529f262e437796b6076fe51ed67c3eae0ef471ac01c2d	assets/photography/photo-03.jpg
0891862f45dc0232fef63501ef76dbdb8e2d82a9aec15667f3644b6c8a4e4a59	assets/photography/photo-04.jpg
1d6de49b478fdb939a24324267d5d457e22bdbd46df79358fe15f9c6e3c8c07e	assets/photography/photo-05.jpg
34c0ea99ee15877ab2d86228501ff696b2f0074ca60faa66ed661f6d82a2fc4a	assets/photography/photo-06.jpg
1dcfb68416a028cd6ab7bb87196fd09f8c5f371bc270208f02992a3aeaba9265	assets/photography/photo-07.jpg
7a0ca6dd3e1751eb11e87279366006efed173e0b30fa3aae8dd0e9acccc4debd	assets/photography/photo-08.jpg
ea1aa5401f98db107c11f6db7e2c37373041d396ebec3b4155ae02813b7b70be	assets/photography/photo-09.jpg
3521bd5568d123edeb8325067d17f1d8dddb5d3d5b0c4edaacd1947d4912061f	assets/photography/photo-10.jpg
da58b3f84b4e41a5f5b6503cbf1f4af6ae5b135edd7ceff202f39a1081c31ff3	assets/photography/photo-11.jpg
102b43855ca8f957c3007edacab6d53846d21db788bfcfbaadd7429b513b4afa	assets/photography/photo-12.jpg
87c2a618b3979e1135d18a7a41c5c93556f0e4bb25d0080d9e65daaeb9bbb1f1	assets/photography.jpg
a7976399ced5be852d15ec513f4d98e2db4b821765fa4b1f784f18e2f9cdab31	assets/project-box-1.png
fe86d3ed57a367718723d856bec2f8668906e89e3d7bcc45f7d4cb12f2d53dae	assets/project-box-2.png
de70cb9447bb88e21c25973ecc28a667966ff7a19225430720e7eb98209e02d0	assets/real-unreal/deep-diver.jpg
7ab5f64dcc6919434baf38952c816c408ead78558f07afe03cf26257a0d71a96	assets/real-unreal/lotus-jellyfish.jpg
053c283960657a59799453e993327dac5d7ab256af0da985a225791bbe7dc1ee	assets/real-unreal/submerged-liberty.jpg
b7ab79f5c3c84aa6609a19b0def7b6fa32732eecab807634b51c76ebb8d3ebf5	assets/real-unreal.jpg
90bff8c5b4cb26e4920457fa9ef80edf2ef450a8a69839a67b2f943e9ac14ee0	assets/restored/cente-submark.png
03c53ef31303f7c8e6630301992475147bb3e20c545ba69e096efeaf33edd6ec	assets/restored/logo-sheet.png
22dd682256df5e771a1ffb2719c42745feaf3abc12832ff64bc48735bc7aaf6f	assets/vd-glitch-reference.png
3933d1d649cc1874e3c6e947b171651666c13be8e881143b5748e348a0b30e18	assets/vd-particle-source.jpg
e0aa028867725065bbe9f5eac8906a0c6c8c99fb464730118dbb7a933b8f0818	assets/vd-vintage-clean.webp
1bec639455d28de753b149fb62eefef5135ab9d7c440f3eb10ea3394c90f1e3c	case-content.js
ba7a9ff776156052b6cb96e4994ee1867c72be69780b401daa35c9b8e676a3b9	editorial.css
b033c95dfade2f497c295b5ba17b5954499eaa44684a374bf155e1b263df8f56	editorial.js
e123e9dd0caf5450c1f626a5ff65c7e5af8805f66bb2ef05c6e4638546cb7dac	favicon.svg
502d08e311635c2e50e77ea93f80c0cbab6fffc88524073dcd751cd540bda4b1	glitch.js
4d04dd441cab2ffcd3b7a805de2c646afe48fd76a0deee52ff443b05d5fd07f5	index.html
d596c37ac99a7b666d78f8b58c6f26bb0654765b56e4dfb5219939e112ca1bd3	motion.js
eb8869146f949b292ee0800ca592a634c2db7f79a4654be72541146e514638a3	particles.js
646b2f4285569cc35d4696e7b868c25e63207790a7a17ee60bc04f0c65c6d4fa	styles.css
